video_id,título,categoría,views,likes,dislikes,comentarios,duración_min,fecha_publicación
1, Título 1### , musica  ,,,21,8790,127,2024/07/02
2, Título 2@@@ , películas  ,247904.0,15579.0,211,4775,63,2.13.2022
3,, comedia!!! ,3073.0,14780.0,1095,9847,55,07-06-2016
4, Título 4  , gaming  ,268858.0,2691.0,4420,7614,78,12.3.2017
5, Título 5  , Gaming!!! ,162893.0,16521.0,2294,6508,143,2023-11-24
6, Título 6@@@ , películas  ,42160.0,10721.0,3547,9033,58,8.27.2025
7, Título 7 , música ,90723.0,6461.0,2057,5150,219,2021-05-04
8, Título 8!!! , Comedia!!! ,166255.0,10284.0,300408,7206,115,2019/10/15
9, Título 9!!! ,,94776.0,19339.0,1855,2847,207,7.18.2017
10, Título 10??? , Musica??? ,-1.0,17151.0,458,9632,164,2023/08/26
11, Título 11 , Tecnología??? ,,16673.0,3851,6233,80,2025/05/04
12, Título 12!!! , Educación!!! ,201704.0,9255.0,917,7820,55,2.25.2016
13,,,35750.0,15682.0,1881,4607,178,2017/11/02
14, Título 14 , Peliculas  ,84442.0,7701.0,4900,8668,80,4.21.2022
15, Título 15??? , Comedia??? ,73237.0,13723.0,2959,741,60,27-01-2015
16,, Peliculas??? ,197860.0,12791.0,2292,1141,800,13-06-2020
17, Título 17### , Tecnologia??? ,219115.0,4995.0,2715,5071,116,18-02-2021
18, Título 18!!! , Deportes@@@ ,218125.0,5329.0,3920,7324,12,23-05-2016
19, Título 19!!! , películas??? ,281634.0,1222.0,1272,8092,119,2016/01/17
20, Título 20 , gaming@@@ ,230617.0,2795.0,3182,4400,111,2025-07-27
21, Título 21@@@ , Tecnología!!! ,96271.0,9999999.0,4363,6496,207,2019-02-17
22, Título 22### , noticias!!! ,,9557.0,2862,5531,171,2020-05-06
23, Título 23  ,,184431.0,3302.0,2232,9615,46,2020/12/06
24, Título 24!!! , educacion  ,274811.0,8337.0,725,6541,36,10.12.2017
25, Título 25??? , Películas  ,292549.0,12083.0,1241,4168,145,17-01-2017
26,, Comedia??? ,69141.0,4651.0,4730,9698,12,25-11-2025
27, Título 27??? , Gaming??? ,71012.0,6764.0,2706,1072,77,2018/06/04
28, Título 28!!! , Peliculas??? ,11320.0,9999999.0,1506,9845,34,06-01-2019
29, Título 29  , tecnología  ,42464.0,10101.0,2091,1540,5,12.14.2019
30, Título 30### ,,166500.0,7327.0,2890,2882,220,06-01-2022
31, Título 31### , Gaming!!! ,-1.0,14738.0,2687,8214,800,4.15.2020
32, Título 32### , deportes  ,111339.0,6549.0,3498,7337,3,1.9.2019
33,,,93055.0,8677.0,1287,9703,223,2023-11-26
34, Título 34 , tecnología@@@ ,248953.0,7589.0,3246,7499,46,1.1.2018
35, Título 35!!! , educacion  ,138064.0,3658.0,2213,6370,196,21-02-2025
36,, música ,242494.0,13714.0,4702,3464,8,25-11-2015
37, Título 37### , Peliculas### ,-1.0,4708.0,789,47,37,2022/05/23
38, Título 38@@@ , Películas@@@ ,95209.0,5937.0,742,1238,27,1.5.2025
39, Título 39### , Noticias@@@ ,60901.0,15855.0,2308,2977,169,2018-04-23
40,, comedia ,285874.0,18977.0,2541,409,149,4.6.2020
41, Título 41!!! , deportes  ,190485.0,13416.0,3454,5081,114,2.19.2017
42, Título 42### , peliculas ,87346.0,,2020,7773,58,9.16.2016
43, Título 43  , comedia  ,186595.0,17083.0,4568,9632,22,12.18.2016
44, Título 44 , noticias### ,154565.0,9618.0,2370,4896,137,2018-12-18
45, Título 45??? ,,271669.0,15405.0,300408,8750,56,09-10-2025
46, Título 46@@@ ,,,,596,9855,142,7.28.2019
47, Título 47@@@ , gaming  ,297415.0,9209.0,4867,8598,165,13-12-2017
48, Título 48### , educación ,280819.0,10708.0,670,4649,204,2023/06/13
49, Título 49 , Comedia### ,54292.0,19209.0,4739,3252,119,2024/05/08
50, Título 50@@@ , Peliculas ,49465.0,9999999.0,1390,9779,2,2017-05-04
51, Título 51!!! , peliculas  ,159993.0,9785.0,467,2419,68,1.16.2022
52, Título 52  , deportes ,13568.0,13051.0,1523,4115,204,6.6.2022
53, Título 53@@@ , Noticias ,89709.0,4047.0,3073,740,128,2024-08-03
54, Título 54??? , Gaming!!! ,130585.0,,2139,7936,148,2018-02-25
55, Título 55??? , gaming@@@ ,290815.0,11060.0,3927,6498,110,2018-12-23
56, Título 56  , música??? ,297713.0,10654.0,3054,848,39,7.19.2019
57, Título 57@@@ , tecnologia ,-1.0,15325.0,2003,2219,215,2024-12-02
58, Título 58!!! , Deportes ,267514.0,12658.0,3173,5554,185,2021-01-10
59, Título 59### , Comedia!!! ,27369.0,1449.0,4857,5404,238,2025-01-05
60, Título 60??? , comedia### ,224607.0,5763.0,2059,8020,205,7.11.2016
61, Título 61### , Educación??? ,253708.0,3534.0,300408,2660,70,19-07-2017
62, Título 62  ,,267248.0,14697.0,2043,9247,61,3.15.2023
63, Título 63  , Noticias??? ,-1.0,702.0,4200,4444,60,8.19.2024
64, Título 64!!! , educacion!!! ,268044.0,4048.0,1088,8225,220,2021/12/04
65, Título 65@@@ , gaming  ,34882.0,11948.0,4745,2383,134,2016-02-14
66, Título 66??? , Noticias ,155705.0,13895.0,2941,369,109,6.18.2019
67, Título 67!!! , educacion ,140916.0,10066.0,3007,550,232,5.10.2024
68, Título 68??? , noticias ,94847.0,17214.0,1585,3727,145,2016-07-12
69,, Musica@@@ ,6732.0,18378.0,4602,9531,218,06-04-2021
70,, gaming  ,,2642.0,180,486,236,2016/09/05
71, Título 71??? ,,100741.0,19050.0,300408,3689,19,22-03-2023
72, Título 72!!! , Deportes??? ,198532.0,12287.0,2092,1092,87,3.21.2024
73,, Gaming### ,123124.0,12724.0,2386,9315,176,2023-03-24
74,, deportes### ,112159.0,1901.0,2370,6753,195,15-06-2021
75, Título 75!!! , Comedia!!! ,265900.0,12437.0,739,7626,36,2015/07/27
76, Título 76@@@ , gaming??? ,28430.0,14514.0,1127,7132,77,2018/12/03
77, Título 77### , Noticias ,221011.0,11615.0,476,6570,132,2020/06/26
78, Título 78 , deportes ,224062.0,1689.0,2862,7737,192,21-01-2025
79, Título 79??? , tecnología!!! ,114059.0,10464.0,1754,81,27,21-03-2017
80, Título 80### , Comedia!!! ,78811.0,18718.0,2828,8654,144,1.17.2021
81, Título 81### , educacion### ,1691.0,14468.0,2948,7398,71,6.14.2015
82, Título 82??? , gaming??? ,281050.0,2748.0,3510,7394,52,2018-06-21
83, Título 83@@@ , Deportes### ,,9999999.0,2735,3934,124,21-10-2023
84, Título 84  , Peliculas  ,72367.0,19177.0,3239,8008,99,2023/10/26
85, Título 85!!! , comedia  ,,3387.0,2935,3818,152,8.6.2020
86, Título 86  ,,36915.0,16017.0,3262,489,76,2023/08/09
87,, Musica??? ,20386.0,8134.0,3083,9078,197,22-08-2019
88, Título 88### , noticias  ,249350.0,11873.0,1581,2345,19,2025/12/20
89, Título 89!!! , Películas### ,267584.0,8903.0,1231,1019,206,6.18.2021
90,, Peliculas### ,46069.0,,3937,6218,8,02-07-2019
91, Título 91!!! , gaming??? ,224047.0,9999999.0,1713,2336,176,2020-06-15
92, Título 92??? , peliculas??? ,53862.0,15902.0,2745,8581,83,2021-09-10
93,, Peliculas!!! ,-1.0,9999999.0,984,4437,92,11-03-2019
94, Título 94!!! , Gaming  ,,18920.0,2157,45,5,9.7.2016
95, Título 95!!! , Educación!!! ,216006.0,1802.0,2648,9517,168,2023-04-16
96, Título 96!!! , Noticias!!! ,,5067.0,3130,5146,40,2016-12-23
97, Título 97  , deportes  ,13530.0,14437.0,2631,2629,158,2018/03/12
98, Título 98 , Comedia### ,59010.0,11801.0,300408,6772,174,7.6.2018
99, Título 99??? , comedia  ,84224.0,1002.0,4808,5306,203,05-10-2023
100, Título 100 , deportes### ,93166.0,1900.0,2563,296,170,2024/03/22
101, Título 101  , películas??? ,299408.0,9999999.0,4041,7596,73,2023-06-23
102, Título 102??? , deportes@@@ ,233243.0,12323.0,3683,4013,177,2019/04/07
103, Título 103 , peliculas ,96193.0,3354.0,2791,6998,198,20-02-2019
104, Título 104### , musica??? ,291550.0,3425.0,4432,8956,76,2024-09-05
105, Título 105??? , peliculas ,149842.0,2586.0,641,6106,30,6.7.2019
106, Título 106### , peliculas!!! ,150272.0,11299.0,4605,6716,213,9.4.2021
107, Título 107  ,,-1.0,9999999.0,4251,2546,36,6.13.2017
108, Título 108 ,,43254.0,11448.0,2518,2376,142,2018/03/10
109, Título 109@@@ , gaming  ,280318.0,9518.0,3666,4150,57,2016/03/07
110, Título 110  , comedia ,4279.0,,2601,8527,31,2018-05-21
111, Título 111??? , Noticias  ,52366.0,9999999.0,1343,5241,186,2025/10/05
112, Título 112  , Películas ,68973.0,10452.0,3999,3480,35,2017-04-11
113, Título 113 , tecnología??? ,83861.0,14554.0,1229,7796,161,2015/06/20
114, Título 114??? , Gaming ,39633.0,,1572,8533,166,2024-05-26
115, Título 115@@@ , Tecnología!!! ,5486.0,18402.0,2596,9025,15,10.2.2020
116, Título 116@@@ , Tecnologia??? ,203329.0,15984.0,4186,2989,42,18-06-2019
117, Título 117??? , música@@@ ,290796.0,10354.0,1919,7096,800,11.18.2015
118, Título 118  , deportes@@@ ,,9843.0,2470,5903,122,8.13.2020
119, Título 119@@@ ,,89030.0,4714.0,208,4489,30,11.15.2024
120, Título 120??? , Música ,151948.0,11991.0,579,3969,238,2018-06-22
121, Título 121  , Gaming@@@ ,278257.0,2782.0,279,1145,64,2022/01/17
122, Título 122 , Comedia### ,208309.0,18624.0,360,2748,1,2020/06/14
123, Título 123@@@ , Comedia  ,-1.0,16900.0,4342,5496,221,22-07-2019
124, Título 124  , gaming!!! ,174376.0,2394.0,4209,8865,4,2022-11-28
125, Título 125??? , peliculas@@@ ,125169.0,15719.0,4109,8663,133,3.6.2022
126, Título 126 , tecnologia!!! ,60012.0,2342.0,277,1875,238,11.22.2015
127,,,259307.0,14424.0,388,6793,139,11.4.2022
128, Título 128  , peliculas  ,241256.0,1754.0,1403,848,140,2016/04/04
129, Título 129  , Tecnologia@@@ ,7627.0,9763.0,2826,6750,93,24-04-2023
130,, Comedia@@@ ,214650.0,13157.0,1670,3419,31,2021/12/13
131, Título 131  , tecnologia@@@ ,25407.0,9999999.0,2437,4498,137,2025/07/18
132, Título 132??? , tecnología@@@ ,221721.0,,864,7176,215,2017-03-07
133, Título 133@@@ , Musica@@@ ,247803.0,18432.0,3653,4248,22,1.18.2023
134, Título 134@@@ , tecnologia!!! ,-1.0,15486.0,1569,8074,211,5.2.2023
135, Título 135??? , películas  ,130207.0,4165.0,332,5335,100,2015-09-19
136, Título 136  , noticias### ,37213.0,13424.0,300408,9987,129,3.7.2023
137,, Tecnología  ,170227.0,14610.0,4513,6382,40,4.26.2025
138, Título 138@@@ , Música!!! ,278276.0,6672.0,73,2963,149,09-02-2023
139, Título 139### , Noticias### ,24352.0,,2183,7752,44,2025-10-12
140, Título 140### , Gaming@@@ ,119333.0,17967.0,300408,4079,66,4.10.2025
141, Título 141??? , educación  ,291938.0,16342.0,3530,5341,173,2021/04/01
142, Título 142??? , deportes  ,90354.0,15250.0,4282,1368,13,2025/06/20
143, Título 143@@@ , Noticias??? ,39751.0,12689.0,2076,1193,107,10.18.2023
144,, Gaming ,146626.0,5410.0,1861,5748,143,5.21.2021
145, Título 145### , educación### ,,15904.0,3545,1866,32,2024-03-19
146, Título 146### , películas??? ,198892.0,7283.0,768,9975,71,7.11.2021
147, Título 147??? , música### ,94189.0,10643.0,1197,8556,83,2024-01-06
148, Título 148  , Deportes!!! ,286691.0,6288.0,300408,7008,159,7.21.2024
149, Título 149  , peliculas??? ,,6260.0,3342,7346,234,2023/02/04
150, Título 150### ,,86005.0,9999999.0,598,5952,200,2018/09/05
151, Título 151 , Películas!!! ,288089.0,,2541,602,46,2017-03-05
152, Título 152  , noticias??? ,,2955.0,1824,3923,5,2021/05/13
153, Título 153??? , Educacion!!! ,149799.0,,2508,4958,13,15-11-2023
154, Título 154@@@ , Noticias ,7555.0,18722.0,4792,9152,143,9.4.2023
155, Título 155### , Gaming### ,179121.0,11100.0,383,2194,38,2016/05/19
156, Título 156!!! , comedia ,166603.0,8758.0,4977,4969,56,2017-12-03
157, Título 157!!! , Deportes@@@ ,44547.0,9999999.0,2247,3440,203,9.3.2025
158, Título 158??? , tecnologia### ,,7666.0,3860,1343,209,2025/02/12
159, Título 159### , tecnologia!!! ,252253.0,2558.0,2122,1030,201,2016-03-05
160, Título 160 , Peliculas!!! ,31858.0,9999999.0,1554,3653,61,2019/06/07
161, Título 161### , Educacion### ,,3519.0,3852,824,149,10.6.2017
162, Título 162!!! , comedia  ,42187.0,11059.0,3438,671,146,2020/10/18
163, Título 163??? , gaming  ,224672.0,18981.0,720,3508,45,2021/04/04
164, Título 164@@@ , gaming!!! ,125792.0,18722.0,3527,2019,133,2.1.2018
165, Título 165@@@ , Gaming  ,2052.0,7215.0,3765,5548,126,2020-05-27
166, Título 166### ,,289872.0,15606.0,1939,176,95,2019/11/18
167, Título 167!!! , noticias??? ,-1.0,12253.0,4628,3018,180,2017-01-03
168, Título 168!!! , deportes ,178853.0,9587.0,3204,4532,162,8.13.2023
169, Título 169  , noticias??? ,54522.0,2798.0,1668,9631,128,3.11.2016
170, Título 170@@@ , musica!!! ,279913.0,7527.0,53,6345,174,11.7.2021
171, Título 171@@@ , musica### ,221523.0,,3374,8807,183,2015-03-15
172, Título 172@@@ , musica ,-1.0,19732.0,1045,3432,136,2024/11/16
173, Título 173  , películas!!! ,129680.0,97.0,3782,4497,64,8.16.2016
174, Título 174  , Comedia??? ,140267.0,14355.0,2625,4203,800,2.4.2021
175, Título 175@@@ , comedia  ,-1.0,16926.0,2333,8873,172,03-12-2016
176, Título 176### , Gaming ,235450.0,19023.0,818,9592,236,6.2.2025
177, Título 177??? , Comedia### ,254109.0,8476.0,3557,9623,36,28-07-2017
178, Título 178!!! , deportes ,5449.0,2369.0,829,7519,101,05-10-2015
179, Título 179!!! , Educacion  ,199102.0,5419.0,2088,5031,221,2021-04-12
180, Título 180### , tecnología!!! ,32832.0,17010.0,4181,5408,123,09-03-2025
181, Título 181??? ,,86450.0,17558.0,4601,9805,226,15-07-2022
182, Título 182!!! , Deportes### ,248845.0,12741.0,4945,2845,3,5.24.2024
183, Título 183??? , Gaming### ,75228.0,2454.0,4790,3467,9,2025-11-23
184, Título 184  , Comedia??? ,239065.0,2438.0,2779,8969,191,09-09-2023
185, Título 185!!! , Gaming@@@ ,138956.0,9563.0,1002,3863,86,2017-07-23
186, Título 186@@@ , Gaming ,69868.0,11765.0,4195,2350,125,10.13.2018
187, Título 187@@@ , Deportes!!! ,100339.0,647.0,4008,5604,103,9.23.2015
188,, Gaming ,-1.0,9999999.0,4951,3253,98,2016/12/11
189, Título 189@@@ , Deportes ,229567.0,10890.0,3254,8908,225,2018/08/19
190, Título 190  , noticias  ,181844.0,,707,9090,23,2015-12-07
191, Título 191@@@ , comedia### ,279973.0,1913.0,2514,3060,185,5.18.2021
192, Título 192@@@ , comedia@@@ ,260334.0,9086.0,2241,5295,213,4.15.2016
193, Título 193@@@ , Tecnologia??? ,226030.0,14451.0,4214,9839,800,5.18.2021
194,, noticias### ,180971.0,16507.0,1962,7423,95,2020/11/22
195, Título 195 , Educacion??? ,87027.0,8626.0,1642,2156,39,2017/10/06
196, Título 196??? , Música  ,123830.0,5907.0,400,5907,164,09-08-2017
197, Título 197@@@ , noticias@@@ ,35756.0,19366.0,4177,6198,113,2025-10-27
198, Título 198??? , Musica@@@ ,112317.0,9170.0,3776,6534,36,26-03-2020
199, Título 199  , noticias ,277949.0,6307.0,206,250,86,2018/07/17
200, Título 200??? , Educación!!! ,-1.0,8846.0,2168,2993,230,2020/01/13
201, Título 201 , noticias??? ,34207.0,241.0,2398,8546,64,2024-11-22
202, Título 202!!! , educacion!!! ,,6038.0,2346,2413,43,5.12.2024
203, Título 203### , Gaming@@@ ,288788.0,10311.0,4594,2996,163,11-01-2024
204, Título 204!!! , Comedia@@@ ,260260.0,18368.0,753,3224,48,4.15.2020
205, Título 205??? , Gaming!!! ,82295.0,14764.0,1531,1773,220,9.21.2017
206, Título 206  , noticias ,136223.0,15625.0,904,1554,206,16-03-2018
207, Título 207### , peliculas!!! ,,10898.0,1220,3470,236,2019-10-23
208, Título 208### , educacion  ,74427.0,2211.0,4535,8743,219,2023-03-12
209, Título 209### , noticias!!! ,80680.0,7818.0,4703,15,59,13-12-2018
210, Título 210  , películas### ,71075.0,19940.0,223,2832,51,11-08-2016
211, Título 211  ,,298374.0,883.0,3160,606,82,2025/07/03
212, Título 212  , comedia!!! ,223829.0,17584.0,1164,5614,113,02-06-2016
213, Título 213!!! ,,252272.0,13689.0,962,2506,211,3.1.2018
214, Título 214### , gaming  ,244988.0,5678.0,1460,7919,176,2024/10/02
215, Título 215!!! , comedia  ,287747.0,15559.0,971,5850,155,2025-07-04
216, Título 216!!! , Noticias??? ,31672.0,16737.0,2450,7838,210,12.5.2017
217, Título 217  , Musica ,264501.0,9999999.0,4978,6349,155,2022/12/24
218, Título 218  , Musica  ,20061.0,2128.0,300408,4383,91,2024-03-09
219, Título 219### , gaming@@@ ,142678.0,,3616,8609,99,2016-02-06
220, Título 220??? , Educación ,178370.0,19982.0,2466,4762,124,1.2.2019
221, Título 221  , Deportes!!! ,107422.0,479.0,69,9499,22,2015-01-01
222, Título 222@@@ , gaming  ,43937.0,13313.0,420,9947,178,21-10-2020
223, Título 223### , Comedia ,57771.0,2730.0,1344,5890,157,02-10-2015
224, Título 224  ,,247416.0,13002.0,1218,6745,175,09-11-2019
225, Título 225!!! , Comedia!!! ,-1.0,12466.0,4202,2556,128,27-07-2019
226, Título 226 , Noticias### ,93169.0,1808.0,4217,8146,188,2019/06/20
227, Título 227 , películas  ,,13614.0,4270,6715,227,2016-06-02
228,, tecnologia ,43247.0,17940.0,3187,9025,137,2019/10/22
229, Título 229!!! ,,274588.0,17268.0,2780,2670,107,2019-02-22
230, Título 230!!! , deportes ,276299.0,579.0,3245,7875,26,2023/11/20
231, Título 231??? , gaming### ,179608.0,4918.0,2034,4702,187,9.19.2025
232,, películas@@@ ,49742.0,4816.0,3351,1851,217,1.25.2024
233, Título 233 , Música  ,46842.0,9065.0,3972,1711,168,2017-04-22
234, Título 234@@@ , Peliculas  ,-1.0,2860.0,3814,5621,207,9.19.2019
235, Título 235  , gaming!!! ,173266.0,17086.0,3069,3194,206,28-04-2016
236, Título 236 , Comedia!!! ,46168.0,15535.0,290,1018,191,10-04-2017
237, Título 237??? , comedia  ,136751.0,16166.0,3624,4271,121,13-08-2018
238, Título 238??? , gaming ,34735.0,3964.0,1833,6529,24,2016-08-26
239, Título 239### , noticias### ,162131.0,,3718,3189,1,18-09-2018
240, Título 240 , comedia!!! ,6442.0,,2697,9553,49,2021-09-18
241, Título 241 ,,212739.0,5778.0,4405,7795,104,2023/06/02
242, Título 242!!! , tecnologia!!! ,16713.0,13125.0,1692,5127,178,2019-02-28
243, Título 243!!! , Musica  ,58527.0,,4656,9346,109,24-06-2018
244, Título 244@@@ ,,52474.0,723.0,4222,4329,6,3.24.2023
245, Título 245  , comedia@@@ ,249315.0,109.0,1655,1396,51,7.2.2020
246, Título 246  ,,16109.0,108.0,2412,358,235,2025/06/16
247, Título 247@@@ , Películas### ,128834.0,3126.0,2656,9380,237,8.21.2015
248, Título 248 , gaming!!! ,,,3843,9597,91,27-06-2025
249, Título 249 , peliculas  ,154847.0,16399.0,3445,7392,193,28-08-2022
250, Título 250!!! , Música??? ,204246.0,,4260,1030,800,12-01-2016
251, Título 251!!! , Deportes@@@ ,240950.0,19600.0,1849,2936,223,6.15.2022
252, Título 252### , Gaming ,118149.0,16029.0,300408,410,213,2018/06/16
253, Título 253@@@ , deportes@@@ ,248482.0,19263.0,2154,512,151,2025/12/15
254, Título 254@@@ , Noticias??? ,95465.0,,4547,2460,95,2021-03-12
255, Título 255  , comedia ,-1.0,5755.0,1524,5721,150,2016-02-17
256, Título 256@@@ , deportes??? ,151407.0,,2935,655,77,6.11.2022
257,, Comedia ,,4897.0,600,9846,84,2020-09-20
258, Título 258### , Música ,262513.0,1144.0,4251,4551,146,2017-07-28
259, Título 259 , Deportes ,237816.0,13382.0,1921,2638,137,2016-12-28
260, Título 260@@@ , Tecnologia!!! ,255354.0,16019.0,1702,5160,139,2019/08/06
261, Título 261 , peliculas### ,161000.0,19363.0,2914,7901,92,2019/08/09
262, Título 262### , Deportes!!! ,13138.0,18555.0,2494,3125,98,2018-10-05
263,, noticias ,147975.0,2404.0,4239,475,3,27-11-2017
264, Título 264??? , educación  ,54531.0,15442.0,2657,509,144,10.14.2016
265, Título 265  , educacion@@@ ,266746.0,16922.0,2584,8519,138,2018-12-23
266, Título 266  , tecnología@@@ ,71099.0,13962.0,524,1116,224,2022/04/10
267, Título 267!!! , gaming??? ,68498.0,16395.0,109,6355,121,18-04-2022
268, Título 268@@@ , Noticias ,74891.0,16759.0,1992,3845,112,12.1.2023
269, Título 269  , Tecnologia??? ,192805.0,8931.0,4991,7775,17,10-07-2016
270, Título 270### , tecnología??? ,,803.0,4586,605,48,11.12.2022
271, Título 271!!! , Noticias### ,284657.0,9123.0,3144,8977,81,11-03-2018
272, Título 272 , Música ,124937.0,4035.0,3154,6981,91,2022/10/07
273, Título 273??? , Deportes@@@ ,84755.0,2274.0,1957,4492,87,6.7.2025
274,, Educacion!!! ,14871.0,2498.0,887,2070,95,12.26.2019
275, Título 275??? , Gaming ,2222.0,,42,9771,184,2021/10/27
276, Título 276### , gaming  ,112146.0,10090.0,1694,3020,800,18-04-2015
277, Título 277  , Gaming!!! ,277752.0,,1582,4905,80,05-07-2015
278, Título 278 , peliculas ,157173.0,14903.0,958,3941,800,2021/08/12
279, Título 279!!! , música  ,,10965.0,1295,2305,74,2022/09/23
280, Título 280### , música!!! ,30591.0,12600.0,124,4166,164,2019-04-15
281, Título 281### , Noticias@@@ ,28086.0,1720.0,3039,1514,12,3.15.2019
282, Título 282  , Gaming ,,9999999.0,4637,16,82,2025-06-02
283, Título 283### ,,,8975.0,3453,2899,6,28-10-2016
284, Título 284  , Gaming### ,15683.0,3104.0,2241,1120,229,2016/01/28
285, Título 285??? , Gaming@@@ ,121287.0,16266.0,2101,4147,174,08-03-2016
286, Título 286??? , Educación??? ,-1.0,14692.0,1537,8627,59,2024-04-20
287, Título 287### , deportes@@@ ,206846.0,,712,1625,48,26-01-2015
288, Título 288 , Tecnología  ,29824.0,3860.0,2992,12,24,1.1.2023
289, Título 289@@@ , tecnología??? ,251155.0,314.0,2832,1110,800,15-02-2016
290, Título 290 , gaming@@@ ,253088.0,5415.0,36,5081,181,2017/06/19
291, Título 291@@@ , Películas  ,240228.0,9999999.0,2077,2748,140,1.13.2019
292, Título 292 , Noticias!!! ,270805.0,14198.0,1390,4895,211,2021-11-04
293, Título 293### , educacion### ,72039.0,10451.0,851,292,83,3.17.2021
294, Título 294 , Noticias!!! ,293873.0,19604.0,3515,3330,67,2018-07-20
295, Título 295 , tecnología  ,96276.0,14988.0,2629,4101,115,23-03-2024
296, Título 296??? , tecnologia@@@ ,240627.0,12230.0,3168,4313,49,06-09-2016
297, Título 297??? , peliculas@@@ ,173851.0,10186.0,3567,5511,234,2025/12/25
298, Título 298 , Gaming!!! ,233865.0,1090.0,4909,7805,45,2021/04/26
299, Título 299@@@ , noticias??? ,188383.0,1404.0,4013,4672,800,2023-05-21
300, Título 300  , Musica!!! ,192780.0,9999999.0,3101,8412,125,2023/01/03
194,, Noticias### ,180971.0,16507.0,1962,7423,95,2020/11/22
142, Título 142??? , deportes  ,90354.0,15250.0,4282,1368,13,2025/06/20
163, Título 163??? , Gaming  ,224672.0,18981.0,720,3508,45,2021/04/04
106, Título 106### , peliculas!!! ,150272.0,11299.0,4605,6716,213,9.4.2021
131, Título 131  , Tecnología@@@ ,25407.0,9999999.0,2437,4498,137,2025/07/18
6, Título 6@@@ , Películas  ,42160.0,10721.0,3547,9033,58,8.27.2025
97, Título 97  , Deportes  ,13530.0,14437.0,2631,2629,158,2018/03/12
210, Título 210  , peliculas### ,71075.0,19940.0,223,2832,51,11-08-2016
